"","pred","true"
"5",23.7872933333333,22.9
"13",23.0457166666667,32.1
