"","pred","true"
"6",0.993804486568988,0.34
"13",0.521619153235654,0.7
