"","pred","true"
"2",24.7817376479077,24.2
"11",25.8947466666667,14.5
