"","pred","true"
"1",1.5742886,0.898
"9",2.22694533333333,0.72
