"","pred","true"
"11",0.347384985902985,0.04
"14",0.367706885614386,0.3
