"","pred","true"
"4",5.01632333333333,8.5
"7",4.41598,5.3
