"","pred","true"
"2",1152.14142833333,1582.22
"15",1116.24836133333,1178.97
