"","pred","true"
"3",19.7808454656455,29
"11",19.5619621323121,12
