"","pred","true"
"9",6.62288066666665,6.78
"14",6.55937666666665,6.46
