"","pred","true"
"3",17.9056683538683,36
"4",18.1260022644023,34
