"","pred","true"
"3",0.94714017821068,0.31
"5",0.822402924242424,0.42
