"","pred","true"
"4",0.926852333333334,0.712
"9",0.882018633333333,0.72
