"","pred","true"
"8",1.14060527459763,2.83
"11",0.780193334698634,0.276
