"","pred","true"
"1",0.6035894,0.549
"4",0.539547700000001,0.293
