"","pred","true"
"9",6.63188551376401,6.78
"10",6.60446405344655,6.89
