"","pred","true"
"3",0.65949365966811,0.179
"9",0.955154531890332,2.36
