"","pred","true"
"12",0.639885200000001,1.57
"15",0.510126200000002,2.83
