"","pred","true"
"12",22.5442433333333,28.2
"13",21.97639,32.1
