"","pred","true"
"6",25.5318524642025,14
"7",21.4609405594405,30
