"","pred","true"
"5",0.772457,0.13
"7",0.815199333333333,1.22
