"","pred","true"
"1",0.883631785270287,1.2
"5",0.82734322971473,0.42
