"","pred","true"
"14",26.0356421023421,12
"15",24.5917960705961,17
