"","pred","true"
"8",1364.03640666667,1178.97
"14",1162.15231533333,1582.22
