"","pred","true"
"3",46.2275786435787,48
"14",49.8733934343435,36
