"","pred","true"
"1",222.209449105339,214.2
"13",234.126440064935,183
