"","pred","true"
"5",10.3620591032856,9.62
"15",10.1331268522034,7.39
