"","pred","true"
"3",28.31577,50
"15",28.4941166666666,53.3
