"","pred","true"
"4",4.76589333333333,8.5
"8",5.13026666666667,13.4
