"","pred","true"
"13",5.87645333333334,8.5
"14",5.63253,2.8
