"","pred","true"
"14",6.63386833333333,6.46
"15",6.80991933333332,6.56
