"","pred","true"
"1",49.0469108724608,60
"7",52.1021987512487,48
