"","pred","true"
"4",0.800714128871129,1.44
"11",0.767778771728272,0.41
