"","pred","true"
"1",22.1350989066489,23
"13",14.4903552558553,28
