"","pred","true"
"1",44.2487524975025,60
"4",40.9043591353092,58
