"","pred","true"
"5",0.346867,0.41
"10",0.385367333333332,0.11
