"","pred","true"
"4",2.40864413333333,0.712
"12",0.955867100000001,10.2
