"","pred","true"
"6",225.073786652792,221.2
"7",217.202115115995,245.4
