"","pred","true"
"10",0.607715,1.19
"15",0.637482333333333,1.05
