"","pred","true"
"5",2.7312225981241,1.75
"8",2.74595836002886,3.84
