"","pred","true"
"2",8.31919000000002,2.8
"11",7.53804666666668,10.7
