"","pred","true"
"6",0.31233501048951,0.04
"10",0.337224622322122,0.11
