"","pred","true"
"8",2.317019,3.84
"10",3.125502,5.66
