"","pred","true"
"8",6.76938666666668,13.4
"9",7.50878333333335,3.3
