"","pred","true"
"7",35.6644112864913,39.4
"8",28.0672457453657,53.3
