"","pred","true"
"6",211.70505,221.2
"8",223.007633333333,224.8
