"","pred","true"
"5",10.501061,9.62
"14",10.1269593333333,11.42
