"","pred","true"
"10",20.9896866666667,49.8
"12",22.0045333333333,28.2
