"","pred","true"
"2",0.321130365800865,0.3
"9",0.390300588023088,0.34
