"","pred","true"
"4",0.263503333333333,0.5
"5",0.338863333333333,0.41
