"","pred","true"
"10",2.702699,4.47
"14",2.56594133333333,1.98
