"","pred","true"
"12",1182.66880337851,1529.49
"14",1199.37274107692,1582.22
