"","pred","true"
"5",21.4684241702742,13
"10",21.5532818181818,34
