"","pred","true"
"7",0.0276539677100677,0.026
"9",0.0284159718947719,0.009
