"","pred","true"
"4",224.126263333334,183
"12",208.232546666667,265.4
