"","pred","true"
"11",6.04788953102453,10.7
"15",5.16746341991342,13.4
