"","pred","true"
"3",26.3778180808081,19.6
"7",27.5390324531025,23.9
