"","pred","true"
"4",20.4405187146187,28
"8",19.1962022644023,14
