"","pred","true"
"5",24.9487866666667,22.9
"9",25.52499,24.6
