"","pred","true"
"7",0.772092083694084,0.72
"13",0.536514463924964,1.44
