"","pred","true"
"7",2.893206,3.77
"11",3.34837133333333,1.54
