"","pred","true"
"6",6.62468066666666,6.91
"10",6.65559733333333,6.89
