"","pred","true"
"5",27.0481502164502,15
"15",25.2857867243867,17
