"","pred","true"
"2",31.8803227139527,19.4
"8",31.4380235003885,53.3
