"","pred","true"
"11",1271.33394666667,547.73
"12",1176.69290133333,1529.49
