"","pred","true"
"6",9.08976600000002,9.67
"9",9.43981266666666,11.29
