"","pred","true"
"4",1167.58543180591,1245.41
"9",1327.81038480591,1571.55
