"","pred","true"
"6",3.64909876295927,1.54
"14",3.25478719297369,1.11
