"","pred","true"
"6",0.0453797333333334,0.018
"7",0.0312037666666667,0.026
