"","pred","true"
"9",2.72189177061827,2.52
"11",2.65335362776113,2.11
