"","pred","true"
"2",9.10008333333334,2.8
"12",7.05911000000001,3
