"","pred","true"
"2",217.052357630703,206.8
"15",214.572295855811,224.8
