"","pred","true"
"4",34.5000527838828,31
"6",47.9872971489622,23.9
