"","pred","true"
"5",44.8564666666667,36
"6",52.9581333333333,28
