"","pred","true"
"3",21.484481990232,36
"9",20.7304410811411,16
