"","pred","true"
"7",1.12935416339216,0.194
"10",1.08419267565767,0.233
