"","pred","true"
"8",0.735818528638029,0.57
"11",0.736842330225331,0.41
