"","pred","true"
"13",10.6021419392829,9.53
"15",10.3927971773782,7.39
