"","pred","true"
"4",0.0257471420634921,0.034
"13",0.014865768037518,0.034
