"","pred","true"
"12",2.51445099050949,5.1
"13",2.84249412687312,2.73
