"","pred","true"
"7",2.44283803058053,2.62
"12",2.54092423260074,5.59
