"","pred","true"
"2",18.3100666666667,12
"12",18.1630666666667,24
