"","pred","true"
"2",9.26643166666668,11.42
"5",9.95308100000001,9.62
