"","pred","true"
"6",8.85277133333334,9.67
"13",10.5678806666667,9.53
