"","pred","true"
"6",2.71052766666667,1.54
"12",2.63253033333334,5.1
