"","pred","true"
"6",28.9663484404484,14
"8",21.461085958486,17
