"","pred","true"
"5",208.958140462316,241.8
"12",209.731971176601,265.4
