"","pred","true"
"4",1.59246866327561,0.712
"7",2.52394818210678,0.821
