"","pred","true"
"11",25.2790134415585,14.5
"14",26.782981038961,24.2
