"","pred","true"
"1",43.9490133333333,40.4
"15",33.8122033333333,53.3
