"","pred","true"
"14",3.18126833333334,1.11
"15",2.54560633333333,3.84
