"","pred","true"
"11",37.6406333333333,23.9
"12",27.3830333333333,78.7
