"","pred","true"
"14",0.0245462577755578,0.006
"15",0.0275026034465535,0.047
