"","pred","true"
"10",0.575747466666667,0.233
"12",1.0956408,1.57
