"","pred","true"
"1",9.74848333333335,10.26
"8",11.0100323333333,7.39
