"","pred","true"
"14",0.915899294871793,0.41
"15",0.861940775391276,0.57
