"","pred","true"
"10",22.4908125474526,49.8
"13",21.6008028649129,32.1
