"","pred","true"
"10",9.64183609379511,10.3
"13",10.1200062518037,9.53
