"","pred","true"
"4",3.00486087296037,2.37
"13",2.69447853962704,2.37
