"","pred","true"
"5",44.9898619047619,36
"6",52.5206333333333,28
