"","pred","true"
"3",0.0308065446608947,0.062
"10",0.0283826501443002,0.059
