"","pred","true"
"8",2.61193533333333,3.84
"14",2.57607333333333,1.11
