"","pred","true"
"4",6.63918105477856,6.98
"5",6.54548226906427,6.66
