"","pred","true"
"2",2.36246,1.98
"12",2.39809833333334,5.59
