"","pred","true"
"5",32.30822,18.3
"14",34.5911033333333,19.4
