"","pred","true"
"1",5.59556333333333,8.2
"6",6.87893,10.7
