"","pred","true"
"6",29.21063,14.5
"15",23.83704,14.2
