"","pred","true"
"12",22.5358624492175,28.2
"14",24.3661123698524,24.2
