"","pred","true"
"1",0.0399785508325009,0.042
"6",0.0428798270951272,0.018
