"","pred","true"
"3",9.87337800000001,8.56
"8",10.8132153333333,7.39
