"","pred","true"
"5",6.61976305555555,6.66
"15",6.73440049206349,6.56
