"","pred","true"
"8",2.40072828932179,3.64
"11",2.76223036147186,2.11
