"","pred","true"
"4",24.50722,32.1
"8",24.3632766666667,14.2
