"","pred","true"
"4",8.57003199999999,9.53
"14",9.58181166666667,11.42
