"","pred","true"
"5",0.0260790918692419,0.014
"12",0.0338428529082029,0.041
