"","pred","true"
"3",3.70022351587302,2.26
"6",3.73576932539683,2.11
