"","pred","true"
"1",9.92610366666666,10.26
"14",9.66693966666667,11.42
