"","pred","true"
"1",220.344299336219,214.2
"8",224.292761320346,224.8
