"","pred","true"
"3",0.729407999999999,2.43
"14",0.976449666666666,0.27
