"","pred","true"
"1",1.2491421,0.898
"6",2.21770403333333,1.56
