"","pred","true"
"11",48.1936333333333,28
"12",43.8186333333334,65
