"","pred","true"
"1",21.9204403041403,23
"15",17.6750972305472,14
