"","pred","true"
"6",0.897023222721723,0.276
"14",1.11224435187035,1.15
