"","pred","true"
"7",33.1385089482739,39.4
"8",28.4179223681874,53.3
