"","pred","true"
"3",1026.145958,1259.74
"14",1252.86173233333,1582.22
