"","pred","true"
"12",0.682684287434788,1.57
"15",0.696975764346764,0.57
