"","pred","true"
"9",8.20784666666668,3.3
"11",8.97243333333335,10.7
