"","pred","true"
"4",1274.591518,1245.41
"6",1137.44347633333,547.73
