"","pred","true"
"9",25.5352848429348,16
"14",27.456931956932,12
