"","pred","true"
"3",48.2701875901876,48
"11",47.3126225108225,28
