"","pred","true"
"8",1386.42280201038,1178.97
"15",1309.35348757387,1178.97
