"","pred","true"
"12",6.68933333333332,5.77
"13",6.64818366666666,6.98
