"","pred","true"
"10",1102.45097866666,939.39
"13",1535.07664166667,1245.41
