"","pred","true"
"5",2.6075993481019,0.237
"13",3.12085410293596,0.712
