"","pred","true"
"1",2.84107413333333,0.898
"14",1.87013743333333,0.397
