"","pred","true"
"4",24.3683537007437,32.1
"6",28.4182585853036,14.5
