"","pred","true"
"2",0.650030547896548,0.27
"12",0.753074868242869,1.11
