"","pred","true"
"1",223.129878823954,214.2
"14",233.270828419914,206.8
