"","pred","true"
"1",0.224223982628483,0.14
"3",0.216229781329781,0.64
