"","pred","true"
"1",3.45607994300144,3.83
"3",3.13905692063492,4.67
