"","pred","true"
"11",0.350593265678765,0.04
"14",0.367676015318016,0.3
