"","pred","true"
"1",2.88893995804196,3.36
"7",2.55752163120213,2.62
