"","pred","true"
"2",0.877562849761351,0.41
"6",0.985561810078811,0.41
