"","pred","true"
"2",0.666205483127983,0.27
"3",0.722088954267955,2.43
