"","pred","true"
"6",9.72561366666667,9.67
"7",9.94238799999999,11.3
