"","pred","true"
"6",2.91019706177156,1.54
"10",3.15671946725497,5.66
