"","pred","true"
"6",49.2431637567988,23.9
"13",27.9502628260628,31
