"","pred","true"
"8",2.47860238711289,3.64
"14",2.57795007758908,1.98
