"","pred","true"
"3",0.374055533333335,0.179
"15",0.614590933333334,2.83
