"","pred","true"
"5",208.798452903208,241.8
"6",219.322260680986,221.2
