"","pred","true"
"3",2.98246840770341,4.67
"9",3.25601132689533,1.75
