"","pred","true"
"10",7.59285908369409,7.4
"13",5.66680289321789,8.5
