"","pred","true"
"10",199.151886666667,251.7
"11",201.06615,221.2
