"","pred","true"
"10",45.5474139527139,85
"11",44.2334867521367,28
