"","pred","true"
"2",9.30730192712843,11.42
"7",9.44631798340548,11.3
