"","pred","true"
"1",0.631764100000001,0.549
"2",0.8259527,1.15
