"","pred","true"
"1",0.989012066378067,0.75
"4",0.782889360750361,0.7
