"","pred","true"
"7",231.733121471307,245.4
"14",230.020815836386,206.8
