"","pred","true"
"2",23.9618808136308,12
"6",28.3014732378732,14
