"","pred","true"
"3",6.77472225835276,6.87
"7",6.75337197047398,6.38
