"","pred","true"
"1",0.287945329059829,0.14
"7",0.34270886008436,0.28
