"","pred","true"
"1",0.825077412698413,0.75
"8",0.634148445165945,1.05
