"","pred","true"
"2",19.3487728049728,10
"4",19.8691907703408,28
