"","pred","true"
"1",0.808256306970807,1.2
"10",0.66827592024642,1.91
