"","pred","true"
"10",24.9307510933511,42
"14",23.6204653069153,12
