"","pred","true"
"3",1094.095812,1259.74
"7",1420.58775333333,686.71
