"","pred","true"
"6",0.954911891885893,0.41
"13",0.524779161727161,1.44
