"","pred","true"
"2",0.338168666666666,0.3
"15",0.406078666666666,0.32
