"","pred","true"
"2",1182.11940899999,1582.22
"3",973.53943633333,1259.74
