"","pred","true"
"4",0.638704033333334,0.293
"13",1.6020752,0.293
