"","pred","true"
"1",0.339125350260851,0.14
"6",0.294129234099234,0.04
