"","pred","true"
"1",48.0086666666667,60
"12",37.2354333333333,65
