"","pred","true"
"1",0.0386230357142858,0.042
"4",0.0266560904761905,0.034
