"","pred","true"
"1",6.61771133333332,6.83
"2",6.66892166666665,6.46
