"","pred","true"
"12",0.330999077977578,0.21
"13",0.346025535409036,0.5
