"","pred","true"
"1",5.63772333333334,8.2
"6",7.41277000000001,10.7
