"","pred","true"
"2",24.4279056132756,24.2
"6",28.4310672222222,14.5
