"","pred","true"
"5",0.0253998333333333,0.014
"12",0.0292687,0.041
