"","pred","true"
"8",0.387816188200688,0.32
"12",0.360097236541236,0.21
