"","pred","true"
"3",2.90584747485847,4.67
"7",3.01340098279498,3.77
