"","pred","true"
"7",30.9734266666666,39.4
"9",45.7592500000001,29.7
