"","pred","true"
"3",19.4279371572872,29
"9",18.1365588023088,13
