"","pred","true"
"1",22.468193009768,35.3
"4",22.9125304700855,32.1
