"","pred","true"
"1",0.772507900000001,0.549
"15",0.600758866666668,2.83
