"","pred","true"
"4",35.2723246825397,31
"6",49.4634733333334,23.9
