"","pred","true"
"8",0.0190242,0.047
"11",0.0271110666666667,0.018
