"","pred","true"
"5",0.710725033333332,0.237
"10",1.75095473333334,0.989
