"","pred","true"
"3",0.198474293650793,0.64
"13",0.337523259018759,0.5
