"","pred","true"
"5",6.71335666666668,3.3
"7",7.03880000000001,5.3
