"","pred","true"
"4",15.4699333333333,28
"13",12.9904666666667,28
