"","pred","true"
"8",1.05285035238095,2.83
"14",0.864349450577201,1.15
