"","pred","true"
"3",237.542843333333,193.7
"11",209.526726666667,221.2
