"","pred","true"
"13",0.605856225940726,1.44
"14",0.684261146575647,0.41
