"","pred","true"
"2",3.11749733333333,1.11
"13",1.838953,2.73
