"","pred","true"
"11",1243.089987,547.73
"15",1368.29276333333,1178.97
