"","pred","true"
"8",25.22427,14.2
"15",24.6705833333333,14.2
