"","pred","true"
"10",0.773861333333333,1.19
"11",0.919215333333334,0.34
