"","pred","true"
"6",0.0405147333333333,0.018
"8",0.0249495666666667,0.047
