"","pred","true"
"1",22.6585333333333,23
"2",17.3509666666667,10
