"","pred","true"
"2",9.08224666666667,2.8
"12",7.28375333333334,3
