"","pred","true"
"1",3.87893875258075,3.83
"11",3.14667527999778,1.54
