"","pred","true"
"6",0.953252170274172,0.41
"14",0.919947554834054,0.41
