"","pred","true"
"6",1.60192273863359,1.56
"11",1.50623483560329,1.56
