"","pred","true"
"10",0.616411333333333,1.91
"12",0.556203666666666,1.57
