"","pred","true"
"8",46.5365029082029,42
"15",47.9044354478855,42
