"","pred","true"
"5",0.737326399999999,0.237
"10",1.52193036666667,0.989
