"","pred","true"
"10",1.9904446,0.989
"14",3.00169496666667,0.397
