"","pred","true"
"1",27.8341702075702,29
"2",20.4314746087246,12
