"","pred","true"
"5",1.41134916666667,0.195
"6",0.509211800000001,0.276
