"","pred","true"
"1",23.3444666666667,29
"4",22.1738333333333,34
