"","pred","true"
"8",1.34975186666667,6.95
"11",1.51763673333333,1.56
