"","pred","true"
"5",2.92234333333334,1.75
"9",3.49834366666666,1.75
