"","pred","true"
"6",6.57297066666666,6.91
"11",6.52244333333333,6.91
