"","pred","true"
"2",0.0254959333333334,0.006
"15",0.0297707333333333,0.047
