"","pred","true"
"4",228.588161393606,183
"8",228.781237923188,224.8
