"","pred","true"
"4",0.686704316627817,1.44
"12",0.591991638417139,1.57
