"","pred","true"
"2",2.53846238095238,1.98
"9",2.85656203968254,2.52
