"","pred","true"
"5",35.1836355266955,18.3
"12",32.0986831962481,78.7
