"","pred","true"
"3",3.43661402464202,2.26
"13",2.44294698423798,2.37
