"","pred","true"
"6",0.688657899999999,0.276
"13",1.65309816666667,0.293
