"","pred","true"
"7",0.871010333333333,1.22
"14",0.836236666666666,0.27
