"","pred","true"
"1",30.2806856199356,29
"13",16.2715337440337,34
