"","pred","true"
"7",0.0287338973470973,0.026
"9",0.026601233061383,0.009
