"","pred","true"
"12",39.7602442612943,65
"15",42.6745084027084,42
