"","pred","true"
"2",2.34867266666667,1.98
"12",2.37528166666667,5.59
