"","pred","true"
"4",9.62297466666667,9.53
"11",8.09274933333331,9.67
