"","pred","true"
"8",1361.59588333333,1178.97
"10",1122.63287466666,939.39
