"","pred","true"
"7",2.408574,2.62
"9",2.34707266666667,2.52
