"","pred","true"
"8",45.8569863636364,42
"15",46.523283982684,42
