"","pred","true"
"4",41.6002166666667,31
"14",41.6818366666667,19.4
