"","pred","true"
"10",47.0825666666667,85
"13",39.5032666666667,58
