"","pred","true"
"5",0.724305194860695,0.13
"7",0.738768435120435,1.22
