"","pred","true"
"4",1229.61455416666,1245.41
"13",1466.28170593651,1245.41
