"","pred","true"
"8",0.385509713120213,0.32
"11",0.362538959151959,0.04
