"","pred","true"
"3",20.7888282550783,36
"12",17.5499774614275,24
