"","pred","true"
"3",8.09878666666668,5.6
"7",5.95756333333335,5.3
