"","pred","true"
"9",0.0272261528138528,0.009
"10",0.0329612279220779,0.059
