"","pred","true"
"1",0.711618696525697,0.75
"3",0.698483192918193,2.43
