"","pred","true"
"8",6.59848799145298,6.56
"13",6.6201189041514,6.98
