"","pred","true"
"5",31.1549766666667,18.3
"12",28.3288133333333,78.7
