"","pred","true"
"2",0.768695666666666,0.27
"6",1.115759,0.34
