"","pred","true"
"1",6.60122099999999,6.83
"9",6.54753199999998,6.78
