"","pred","true"
"7",9.44613300000001,11.3
"10",9.534839,10.3
