"","pred","true"
"5",1.30959626666666,0.195
"11",0.7185823,0.276
