"","pred","true"
"10",0.304927381396382,0.11
"12",0.35519752064602,0.21
