"","pred","true"
"10",30.8861166666666,60.1
"15",31.9975933333333,53.3
