"","pred","true"
"10",215.464236666666,251.7
"14",226.927163333333,206.8
