"","pred","true"
"1",3.17148335664336,3.36
"6",3.42484727367078,2.11
