"","pred","true"
"11",0.0265637987345987,0.018
"15",0.0248810687201687,0.047
