"","pred","true"
"9",15.7044666666667,13
"11",21.5543333333333,12
