"","pred","true"
"12",1.4560142,10.2
"14",0.677560133333333,0.397
