"","pred","true"
"7",0.869026741203242,0.72
"15",0.863511689255191,0.57
