"","pred","true"
"4",225.665032052392,183
"15",220.919018387168,224.8
