"","pred","true"
"2",1.21070536666667,0.397
"15",2.40727366666667,6.95
