"","pred","true"
"7",16.4456685592186,24
"10",17.4089176934177,34
