"","pred","true"
"4",2.7443971978577,2.37
"15",2.52264197130647,3.64
