"","pred","true"
"7",6.76827564113663,6.38
"12",6.6994007904873,5.77
