"","pred","true"
"2",1100.32096633333,1582.22
"5",1221.22932233333,1677.01
