"","pred","true"
"1",6.69387593290043,6.83
"5",6.59221336147187,6.66
