"","pred","true"
"1",5.52828666666666,8.2
"6",6.85275000000001,10.7
