"","pred","true"
"4",6.57465361416361,6.98
"6",6.65452171805972,6.91
