"","pred","true"
"9",0.523007111832612,0.64
"13",0.426356516594517,0.7
