"","pred","true"
"8",0.813407156959707,6.95
"15",1.16172500125985,6.95
