"","pred","true"
"10",0.783024333333333,1.19
"11",0.882865333333334,0.34
